Date, Open, High, Low, Close, Volume
12/31/24, 33.00, 33.00, 32.00, 32.55, 22900
12/30/24, 33.00, 33.00, 33.00, 33.00, 30600
12/24/24, 34.00, 34.00, 33.20, 33.75, 5300
12/23/24, 33.90, 33.90, 33.65, 33.70, 500
12/20/24, 33.20, 33.20, 33.20, 33.20, 200
12/19/24, 33.70, 33.70, 33.00, 33.00, 59600
12/18/24, 33.50, 33.90, 33.50, 33.70, 2600
12/17/24, 34.00, 34.90, 34.00, 34.10, 1100
12/16/24, 34.85, 34.85, 34.85, 34.85, 100
12/13/24, 34.00, 34.90, 34.00, 34.25, 700
12/11/24, 35.40, 35.40, 35.00, 35.10, 500
12/10/24, 35.40, 35.40, 31.00, 35.00, 1223600
12/09/24, 33.25, 33.25, 33.25, 33.25, 300
12/06/24, 30.25, 30.25, 30.25, 30.25, 1000
12/05/24, 31.25, 31.25, 31.25, 31.25, 3300
12/04/24, 35.00, 35.00, 33.00, 33.30, 1000
12/02/24, 33.85, 33.85, 33.85, 33.85, 100
11/29/24, 33.85, 33.85, 33.85, 33.85, 1800
11/27/24, 34.00, 34.00, 33.80, 33.85, 3100
11/26/24, 33.80, 33.80, 33.80, 33.80, 2900
11/25/24, 33.90, 33.90, 33.90, 33.90, 100
11/22/24, 34.00, 34.00, 31.50, 32.70, 1900
11/21/24, 34.00, 34.00, 34.00, 34.00, 200
11/20/24, 34.00, 34.00, 34.00, 34.00, 200
11/19/24, 33.00, 33.00, 31.35, 32.00, 700
11/18/24, 33.90, 33.90, 33.90, 33.90, 700
11/15/24, 35.50, 35.50, 35.50, 35.50, 100
11/14/24, 32.00, 36.00, 31.35, 32.95, 700
11/11/24, 36.00, 36.00, 34.00, 34.80, 1900
11/08/24, 33.25, 33.25, 33.25, 33.25, 100
11/04/24, 30.00, 31.00, 30.00, 30.70, 1000
10/31/24, 33.10, 33.10, 33.10, 33.10, 100
10/30/24, 33.90, 33.90, 33.90, 33.90, 100
10/29/24, 33.90, 33.90, 33.90, 33.90, 100
10/28/24, 34.10, 34.10, 34.10, 34.10, 1000
10/25/24, 34.00, 34.00, 34.00, 34.00, 100
10/24/24, 33.00, 33.00, 33.00, 33.00, 100
10/23/24, 33.80, 34.00, 33.80, 34.00, 1100
10/22/24, 34.80, 34.80, 32.00, 33.85, 300
10/17/24, 35.00, 35.00, 31.50, 34.85, 2900
10/15/24, 35.00, 35.00, 35.00, 35.00, 700
10/09/24, 35.00, 35.00, 35.00, 35.00, 100
10/08/24, 35.00, 35.00, 35.00, 35.00, 100
10/04/24, 33.50, 33.50, 33.50, 33.50, 1600
10/01/24, 33.50, 33.50, 33.50, 33.50, 100
09/27/24, 33.50, 33.50, 31.00, 33.50, 4003900
09/26/24, 33.50, 33.50, 33.50, 33.50, 5490600
09/25/24, 33.50, 33.50, 33.50, 33.50, 200
09/23/24, 32.70, 33.50, 32.70, 33.50, 2527900
09/18/24, 32.80, 32.80, 32.15, 32.50, 200
09/17/24, 32.80, 32.80, 31.70, 32.15, 500
09/12/24, 32.80, 32.80, 32.80, 32.80, 500
09/10/24, 32.50, 32.50, 32.50, 32.50, 600
09/09/24, 35.20, 35.20, 31.00, 31.90, 3300
09/06/24, 32.80, 32.80, 32.80, 32.80, 100
09/05/24, 31.00, 31.00, 31.00, 31.00, 2400
08/30/24, 32.55, 32.55, 31.50, 31.60, 2600
08/28/24, 32.80, 32.80, 32.00, 32.55, 300
08/27/24, 32.50, 32.50, 31.50, 32.20, 4000
08/26/24, 32.80, 32.80, 31.60, 32.60, 1300
08/22/24, 32.80, 32.80, 32.80, 32.80, 200
08/21/24, 33.00, 33.00, 33.00, 33.00, 300
08/19/24, 33.00, 33.00, 33.00, 33.00, 200
08/16/24, 35.50, 35.50, 35.50, 35.50, 100
08/15/24, 30.60, 33.60, 30.60, 32.80, 400
08/14/24, 32.90, 32.90, 32.90, 32.90, 100
08/13/24, 33.60, 33.60, 33.60, 33.60, 300
08/07/24, 33.70, 33.70, 33.70, 33.70, 100
08/06/24, 34.00, 35.50, 33.75, 34.00, 4100
08/05/24, 33.00, 33.00, 33.00, 33.00, 300
08/01/24, 30.25, 30.25, 30.25, 30.25, 100
07/30/24, 32.25, 32.30, 32.25, 32.30, 4400
07/29/24, 32.45, 32.45, 32.45, 32.45, 1000
07/26/24, 33.15, 33.15, 30.25, 32.45, 400
07/25/24, 33.15, 33.15, 33.15, 33.15, 100
07/24/24, 33.00, 36.00, 30.15, 33.05, 500
07/23/24, 33.00, 33.00, 33.00, 33.00, 400
07/22/24, 30.90, 30.90, 30.90, 30.90, 1100
07/19/24, 33.15, 33.15, 33.15, 33.15, 100
07/18/24, 30.80, 30.80, 30.00, 30.30, 7800
07/16/24, 33.15, 33.15, 33.15, 33.15, 100
07/12/24, 30.70, 31.00, 30.00, 30.15, 6600
07/11/24, 31.00, 32.00, 30.60, 30.90, 5300
07/08/24, 34.00, 34.00, 34.00, 34.00, 100
07/05/24, 31.00, 31.00, 31.00, 31.00, 500
07/03/24, 34.00, 34.00, 30.60, 33.50, 1300
07/02/24, 34.00, 34.00, 34.00, 34.00, 100
07/01/24, 35.50, 35.50, 35.50, 35.50, 100
06/24/24, 36.00, 36.00, 36.00, 36.00, 5000
06/21/24, 34.00, 34.00, 34.00, 34.00, 100
06/20/24, 31.00, 31.00, 31.00, 31.00, 900
06/18/24, 34.00, 36.00, 34.00, 34.20, 2700
06/14/24, 36.00, 36.00, 36.00, 36.00, 100
06/12/24, 35.55, 35.55, 35.55, 35.55, 900
06/11/24, 35.80, 36.90, 34.00, 35.55, 300
06/10/24, 35.80, 35.80, 35.80, 35.80, 100
06/07/24, 36.00, 37.00, 36.00, 36.10, 1800
06/06/24, 35.90, 36.00, 35.90, 36.00, 30000
06/05/24, 33.00, 34.00, 33.00, 33.95, 2900
06/03/24, 34.00, 34.00, 34.00, 34.00, 700
05/30/24, 34.20, 34.20, 31.05, 31.70, 1500
05/29/24, 34.40, 34.40, 34.40, 34.40, 200
05/28/24, 34.50, 34.50, 34.50, 34.50, 300
05/24/24, 34.00, 34.00, 34.00, 34.00, 600
05/23/24, 34.00, 34.00, 34.00, 34.00, 200
05/22/24, 33.50, 33.50, 33.50, 33.50, 1000
05/21/24, 34.00, 34.00, 33.50, 33.70, 1300
05/20/24, 32.00, 33.50, 32.00, 32.75, 8600
05/17/24, 34.00, 34.00, 34.00, 34.00, 200
05/16/24, 34.00, 34.00, 34.00, 34.00, 300
05/15/24, 33.00, 33.90, 33.00, 33.25, 3700
05/14/24, 34.00, 34.00, 33.50, 33.65, 400
05/09/24, 34.50, 34.50, 34.50, 34.50, 100
05/08/24, 34.50, 34.50, 34.50, 34.50, 200
05/07/24, 32.10, 34.50, 32.10, 34.00, 1300
05/06/24, 34.50, 34.50, 34.50, 34.50, 100
05/02/24, 33.90, 34.90, 31.00, 32.40, 3600
04/30/24, 34.90, 34.90, 31.90, 33.90, 4100
04/29/24, 34.90, 34.90, 34.90, 34.90, 400
04/25/24, 35.00, 35.00, 35.00, 35.00, 4000000
04/24/24, 34.90, 35.00, 31.70, 35.00, 1685000
04/23/24, 35.15, 35.15, 35.15, 35.15, 100
04/22/24, 35.25, 35.25, 31.75, 32.55, 1500
04/19/24, 35.25, 35.25, 35.25, 35.25, 100
04/18/24, 35.50, 35.50, 35.50, 35.50, 300
04/17/24, 34.00, 34.00, 34.00, 34.00, 100
04/16/24, 33.75, 33.75, 30.80, 31.20, 1500
04/15/24, 32.00, 35.90, 30.00, 30.75, 2300
04/12/24, 33.10, 33.10, 33.00, 33.00, 1300
04/11/24, 33.10, 33.10, 33.10, 33.10, 100
04/09/24, 33.10, 33.10, 33.10, 33.10, 1000
04/08/24, 34.50, 34.50, 34.00, 34.05, 3200
04/05/24, 34.00, 34.00, 34.00, 34.00, 300
04/03/24, 34.00, 34.00, 33.50, 33.95, 27900
04/02/24, 33.80, 37.00, 33.80, 34.20, 800
03/27/24, 34.00, 34.00, 34.00, 34.00, 700
03/26/24, 35.80, 35.80, 34.00, 35.10, 1800
03/22/24, 34.00, 34.00, 32.00, 33.00, 15000
03/21/24, 33.00, 33.00, 32.00, 32.80, 1000
03/20/24, 35.10, 35.10, 35.10, 35.10, 100
03/19/24, 33.00, 33.00, 32.00, 32.10, 21800
03/18/24, 36.15, 36.15, 33.00, 33.05, 22900
03/15/24, 36.15, 36.15, 36.15, 36.15, 100
03/14/24, 33.00, 35.65, 33.00, 33.75, 700
03/13/24, 33.00, 33.00, 33.00, 33.00, 100
03/12/24, 34.00, 35.90, 34.00, 34.50, 400
03/11/24, 34.00, 34.00, 34.00, 34.00, 200
03/08/24, 34.00, 34.00, 34.00, 34.00, 100
03/07/24, 32.00, 32.00, 31.50, 31.55, 700
03/06/24, 34.90, 34.90, 34.90, 34.90, 500
03/05/24, 32.00, 32.00, 32.00, 32.00, 2800
03/04/24, 32.00, 32.00, 32.00, 32.00, 1000
03/01/24, 32.00, 32.00, 32.00, 32.00, 22500
02/29/24, 35.00, 35.00, 32.00, 32.05, 7500
02/28/24, 32.00, 32.00, 32.00, 32.00, 7400
02/27/24, 32.00, 32.00, 32.00, 32.00, 8600
02/26/24, 32.00, 32.00, 32.00, 32.00, 52300
02/23/24, 33.00, 33.00, 32.00, 32.15, 52200
02/22/24, 35.00, 37.00, 34.00, 35.45, 1400
02/21/24, 35.00, 35.00, 35.00, 35.00, 100
02/20/24, 35.00, 35.00, 35.00, 35.00, 100
02/19/24, 35.00, 35.00, 34.50, 35.00, 2100
02/15/24, 37.00, 37.00, 37.00, 37.00, 100
02/08/24, 34.00, 37.00, 34.00, 35.50, 1000
02/07/24, 37.00, 37.00, 37.00, 37.00, 700
02/05/24, 37.00, 37.00, 37.00, 37.00, 600
02/01/24, 37.00, 37.00, 37.00, 37.00, 200
01/30/24, 37.00, 37.00, 37.00, 37.00, 100
01/29/24, 36.00, 36.00, 36.00, 36.00, 300
01/24/24, 36.80, 36.80, 36.80, 36.80, 400
01/18/24, 35.05, 36.00, 35.05, 35.80, 4900
01/16/24, 36.00, 36.00, 35.00, 35.70, 600
01/15/24, 36.00, 36.00, 36.00, 36.00, 700
01/12/24, 35.80, 35.80, 35.80, 35.80, 300
01/11/24, 35.80, 35.80, 35.80, 35.80, 200
01/10/24, 35.80, 35.80, 35.80, 35.80, 1200
01/08/24, 35.00, 35.00, 35.00, 35.00, 100
01/04/24, 35.80, 35.80, 35.80, 35.80, 300
01/03/24, 33.50, 33.50, 33.50, 33.50, 900
01/02/24, 35.80, 35.80, 33.50, 35.50, 5600
12/28/23, 35.80, 35.80, 35.80, 35.80, 1300
12/27/23, 35.80, 35.80, 35.80, 35.80, 100
12/22/23, 35.80, 35.80, 35.80, 35.80, 1000
12/21/23, 35.80, 35.80, 35.80, 35.80, 2000
12/20/23, 35.80, 35.80, 35.80, 35.80, 300
12/18/23, 35.80, 35.80, 35.80, 35.80, 200
12/15/23, 35.75, 35.75, 35.75, 35.75, 1600
12/11/23, 36.00, 36.00, 36.00, 36.00, 800
12/05/23, 36.00, 36.00, 36.00, 36.00, 200
11/30/23, 33.00, 33.00, 33.00, 33.00, 100
11/28/23, 36.50, 36.50, 36.50, 36.50, 100
11/27/23, 36.50, 36.50, 36.50, 36.50, 300
11/23/23, 36.50, 36.50, 36.50, 36.50, 400
11/22/23, 35.70, 35.70, 35.70, 35.70, 400
11/20/23, 32.50, 32.50, 32.50, 32.50, 100
11/17/23, 36.00, 36.25, 36.00, 36.05, 3600
11/16/23, 36.00, 36.00, 36.00, 36.00, 100
11/15/23, 36.00, 36.50, 36.00, 36.40, 5000
11/14/23, 35.20, 36.00, 35.20, 35.85, 1200
11/10/23, 35.00, 35.00, 33.00, 33.15, 6500
11/09/23, 35.00, 35.00, 35.00, 35.00, 400
11/08/23, 35.00, 35.00, 35.00, 35.00, 100
11/03/23, 35.00, 35.00, 35.00, 35.00, 1000
11/02/23, 35.00, 35.00, 35.00, 35.00, 100
10/31/23, 33.00, 35.50, 33.00, 34.25, 600
10/30/23, 33.00, 33.00, 33.00, 33.00, 400
10/27/23, 33.00, 33.00, 33.00, 33.00, 9400
10/23/23, 35.50, 35.50, 35.50, 35.50, 100
10/16/23, 35.50, 35.50, 35.50, 35.50, 600
10/11/23, 35.00, 35.00, 35.00, 35.00, 100
10/06/23, 35.00, 35.00, 35.00, 35.00, 600
10/03/23, 35.50, 35.50, 35.50, 35.50, 200
09/27/23, 36.00, 36.00, 36.00, 36.00, 200
09/25/23, 35.95, 35.95, 35.95, 35.95, 10100
09/20/23, 36.00, 36.00, 35.80, 35.95, 500
09/19/23, 35.80, 36.00, 35.80, 35.85, 600
09/18/23, 35.80, 35.80, 35.80, 35.80, 200
09/15/23, 35.80, 35.80, 35.80, 35.80, 1000
09/14/23, 35.20, 35.20, 35.20, 35.20, 100
09/06/23, 36.00, 36.00, 36.00, 36.00, 100
09/04/23, 36.00, 36.00, 36.00, 36.00, 1000
09/01/23, 36.00, 36.00, 36.00, 36.00, 100
08/31/23, 33.00, 33.00, 33.00, 33.00, 680700
08/29/23, 33.00, 33.00, 33.00, 33.00, 300
08/25/23, 36.00, 36.00, 36.00, 36.00, 400
08/21/23, 33.00, 33.00, 33.00, 33.00, 1000
08/18/23, 33.00, 33.00, 33.00, 33.00, 200
08/17/23, 36.00, 36.00, 36.00, 36.00, 1400
08/15/23, 36.00, 36.00, 36.00, 36.00, 500
08/11/23, 36.00, 36.00, 36.00, 36.00, 700
08/10/23, 35.00, 35.00, 35.00, 35.00, 100
08/09/23, 33.00, 36.25, 33.00, 36.05, 3300
08/08/23, 33.00, 33.00, 33.00, 33.00, 100
08/07/23, 32.00, 33.00, 32.00, 32.20, 1100
08/04/23, 31.00, 31.00, 31.00, 31.00, 100
08/03/23, 33.00, 33.00, 33.00, 33.00, 100
07/31/23, 33.00, 33.00, 33.00, 33.00, 100
07/26/23, 35.00, 35.00, 35.00, 35.00, 1000
07/24/23, 34.80, 35.50, 34.80, 35.00, 3400
07/21/23, 34.80, 34.80, 34.80, 34.80, 100
07/20/23, 34.90, 34.90, 34.80, 34.85, 4000
07/19/23, 34.80, 35.00, 34.80, 34.90, 4900
07/17/23, 34.80, 34.80, 34.80, 34.80, 600
07/12/23, 33.80, 33.80, 33.80, 33.80, 1000
07/11/23, 29.55, 32.60, 29.55, 30.75, 3400
07/10/23, 30.00, 30.00, 29.50, 29.65, 2300
07/07/23, 34.10, 34.10, 29.75, 30.40, 1000
07/06/23, 33.00, 34.10, 32.10, 33.05, 300
07/05/23, 34.10, 34.10, 34.10, 34.10, 400
07/03/23, 36.00, 36.00, 35.90, 35.95, 700
06/27/23, 36.90, 36.90, 36.90, 36.90, 100
06/23/23, 33.15, 36.75, 33.15, 36.70, 462900
06/22/23, 36.75, 36.95, 36.00, 36.45, 9900
06/21/23, 36.75, 36.75, 36.75, 36.75, 2095400
06/20/23, 36.75, 36.75, 36.75, 36.75, 4100
06/19/23, 36.00, 36.75, 36.00, 36.75, 126100
06/15/23, 35.00, 35.00, 35.00, 35.00, 1100
06/14/23, 35.00, 36.95, 35.00, 36.75, 23800
06/13/23, 36.95, 36.95, 36.95, 36.95, 1000
06/12/23, 37.00, 37.00, 36.95, 37.00, 200
06/09/23, 35.00, 37.00, 35.00, 35.50, 4300
06/08/23, 35.00, 35.00, 35.00, 35.00, 300
06/07/23, 35.00, 35.00, 35.00, 35.00, 100
06/06/23, 34.50, 34.50, 34.50, 34.50, 2500
06/05/23, 33.15, 34.00, 33.15, 33.15, 530100
06/02/23, 33.50, 34.00, 32.00, 33.15, 3700
05/30/23, 33.50, 33.50, 33.50, 33.50, 6700
05/29/23, 34.00, 34.00, 34.00, 34.00, 1000
05/26/23, 32.00, 34.00, 32.00, 33.95, 7200
05/24/23, 34.20, 34.50, 34.00, 34.25, 3400
05/23/23, 34.45, 34.45, 34.45, 34.45, 2000
05/22/23, 32.00, 32.00, 32.00, 32.00, 100
05/19/23, 34.50, 34.50, 34.50, 34.50, 2800
05/18/23, 32.00, 32.00, 32.00, 32.00, 100
05/08/23, 32.00, 32.00, 32.00, 32.00, 600
05/05/23, 32.00, 32.05, 32.00, 32.00, 3700
05/03/23, 34.00, 34.00, 32.05, 32.45, 7200
04/28/23, 34.50, 34.50, 34.50, 34.50, 200
04/27/23, 34.50, 34.50, 34.50, 34.50, 3400
04/26/23, 34.50, 34.50, 34.50, 34.50, 1000
04/25/23, 34.45, 34.50, 34.45, 34.50, 2000
04/24/23, 34.50, 34.50, 34.00, 34.40, 5100
04/17/23, 33.00, 33.00, 31.25, 31.55, 600
04/14/23, 32.50, 32.50, 31.00, 31.25, 118800
04/13/23, 32.50, 33.50, 32.50, 33.00, 1000
04/11/23, 31.00, 33.00, 30.15, 30.75, 1200
04/06/23, 33.00, 33.00, 33.00, 33.00, 800
04/05/23, 32.50, 32.50, 32.50, 32.50, 200
04/04/23, 31.50, 31.50, 31.00, 31.20, 900
04/03/23, 31.00, 31.05, 31.00, 31.00, 6300
03/31/23, 31.00, 32.95, 30.80, 31.80, 5800
03/30/23, 30.00, 30.00, 30.00, 30.00, 2000
03/29/23, 30.00, 30.00, 30.00, 30.00, 1300
03/28/23, 30.00, 30.00, 30.00, 30.00, 1200
03/27/23, 30.00, 30.00, 29.50, 29.85, 300
03/24/23, 30.00, 30.00, 30.00, 30.00, 2000
03/23/23, 30.00, 30.00, 30.00, 30.00, 1700
03/21/23, 30.00, 30.00, 30.00, 30.00, 200
03/17/23, 28.40, 30.50, 28.40, 28.65, 900
03/14/23, 31.00, 31.00, 31.00, 31.00, 100
03/09/23, 32.00, 32.00, 27.25, 28.45, 400
03/08/23, 30.00, 30.00, 30.00, 30.00, 4200
03/07/23, 31.00, 31.00, 30.00, 30.25, 2000
03/06/23, 30.00, 30.00, 30.00, 30.00, 200
03/02/23, 30.00, 30.00, 30.00, 30.00, 600
02/28/23, 30.00, 30.00, 30.00, 30.00, 2500
02/16/23, 31.00, 31.00, 31.00, 31.00, 500
02/15/23, 31.50, 31.50, 31.50, 31.50, 800
02/09/23, 31.60, 31.60, 31.60, 31.60, 100
02/07/23, 32.00, 32.00, 32.00, 32.00, 100
02/06/23, 32.00, 32.00, 31.60, 31.70, 500
02/02/23, 32.00, 32.00, 32.00, 32.00, 100
02/01/23, 32.00, 32.00, 32.00, 32.00, 800
01/30/23, 32.00, 32.00, 32.00, 32.00, 100
01/27/23, 32.00, 32.00, 32.00, 32.00, 200
01/25/23, 32.00, 32.00, 32.00, 32.00, 2600
01/24/23, 32.00, 32.00, 32.00, 32.00, 100
01/23/23, 31.60, 31.60, 31.60, 31.60, 200
01/18/23, 31.00, 31.00, 31.00, 31.00, 500
01/17/23, 31.00, 31.00, 31.00, 31.00, 100
01/10/23, 30.00, 30.00, 30.00, 30.00, 2500
01/09/23, 30.00, 30.00, 30.00, 30.00, 1100
01/05/23, 30.00, 30.00, 30.00, 30.00, 30800
01/04/23, 30.05, 30.05, 30.05, 30.05, 1800
01/03/23, 30.00, 30.05, 30.00, 30.00, 74300
12/30/22, 31.50, 31.50, 31.50, 31.50, 100
12/29/22, 31.00, 31.50, 31.00, 31.20, 1200
12/28/22, 31.00, 31.00, 31.00, 31.00, 200
12/21/22, 30.75, 30.75, 30.75, 30.75, 500
12/16/22, 31.40, 31.50, 30.00, 30.75, 600
12/14/22, 30.00, 30.00, 30.00, 30.00, 3000
12/09/22, 30.00, 30.00, 30.00, 30.00, 800
12/08/22, 31.80, 31.80, 31.80, 31.80, 200
12/07/22, 31.80, 31.80, 31.80, 31.80, 300
12/06/22, 31.80, 31.80, 31.80, 31.80, 100
11/28/22, 29.65, 29.65, 29.65, 29.65, 100
11/23/22, 27.00, 27.00, 27.00, 27.00, 3900
11/21/22, 27.00, 27.00, 27.00, 27.00, 1200
11/17/22, 29.00, 29.00, 29.00, 29.00, 100
11/15/22, 29.50, 29.50, 29.50, 29.50, 100
11/11/22, 29.50, 29.50, 29.50, 29.50, 200
11/09/22, 29.80, 29.80, 28.50, 29.60, 600
11/08/22, 29.80, 29.80, 29.80, 29.80, 100
11/04/22, 29.80, 29.80, 29.80, 29.80, 4300
11/03/22, 30.00, 30.00, 26.90, 29.70, 51700
11/01/22, 29.50, 30.00, 29.50, 29.80, 800
10/31/22, 29.50, 29.50, 29.50, 29.50, 200
10/28/22, 31.25, 31.25, 31.25, 31.25, 600
10/27/22, 31.25, 31.25, 31.25, 31.25, 100
10/26/22, 30.00, 30.00, 30.00, 30.00, 200
10/25/22, 30.00, 30.00, 30.00, 30.00, 1500
10/24/22, 30.00, 30.00, 30.00, 30.00, 200
10/21/22, 31.00, 31.00, 31.00, 31.00, 200
10/17/22, 31.50, 31.50, 30.00, 30.75, 200
10/14/22, 31.00, 31.00, 31.00, 31.00, 1000
10/12/22, 30.00, 30.00, 30.00, 30.00, 1000
10/07/22, 29.50, 30.00, 29.50, 30.00, 64800
10/04/22, 32.75, 32.75, 32.65, 32.75, 700
09/30/22, 32.75, 32.75, 32.75, 32.75, 100
09/29/22, 32.20, 32.75, 32.20, 32.40, 2500
09/28/22, 31.00, 31.00, 31.00, 31.00, 500
09/27/22, 31.00, 32.00, 31.00, 31.70, 2000
09/22/22, 30.65, 30.65, 30.65, 30.65, 100
09/15/22, 27.50, 32.00, 27.50, 27.90, 1100
09/09/22, 30.00, 32.00, 30.00, 30.20, 1100
09/08/22, 32.00, 32.00, 31.50, 31.50, 50000
09/01/22, 32.50, 32.75, 32.50, 32.55, 900
08/31/22, 31.50, 31.50, 31.50, 31.50, 400
08/30/22, 31.50, 31.50, 31.50, 31.50, 3400
08/26/22, 32.15, 32.15, 32.15, 32.15, 500
08/18/22, 30.00, 30.00, 29.00, 29.30, 2200
08/17/22, 30.55, 30.55, 29.50, 30.10, 1700
08/16/22, 32.35, 32.35, 32.35, 32.35, 100
08/15/22, 30.55, 30.55, 30.15, 30.50, 3700
08/11/22, 30.55, 30.55, 30.55, 30.55, 1000
08/10/22, 30.55, 30.55, 30.55, 30.55, 100
08/05/22, 30.55, 30.55, 30.55, 30.55, 500
08/04/22, 30.55, 30.55, 30.55, 30.55, 3000
08/03/22, 29.00, 30.00, 27.50, 29.00, 53200
08/02/22, 30.00, 30.00, 30.00, 30.00, 300
07/27/22, 27.70, 29.00, 27.70, 29.00, 215500
07/26/22, 30.50, 30.50, 29.00, 29.70, 1700
07/20/22, 28.80, 28.80, 28.80, 28.80, 600
07/18/22, 27.00, 27.00, 27.00, 27.00, 100
07/15/22, 27.00, 27.00, 27.00, 27.00, 100
07/13/22, 29.50, 29.50, 29.50, 29.50, 1200
07/08/22, 29.00, 29.00, 29.00, 29.00, 63800
07/07/22, 30.50, 30.50, 27.00, 28.25, 1100
07/06/22, 29.25, 29.25, 27.00, 28.00, 1100
07/04/22, 30.00, 30.00, 30.00, 30.00, 100
07/01/22, 29.45, 29.45, 29.45, 29.45, 500
06/24/22, 29.45, 29.45, 29.45, 29.45, 200
06/23/22, 29.50, 29.50, 29.50, 29.50, 300
06/22/22, 30.85, 31.00, 30.50, 30.75, 1600
06/21/22, 31.00, 31.00, 30.50, 30.55, 2200
06/20/22, 30.95, 30.95, 30.95, 30.95, 400
06/16/22, 30.00, 30.00, 30.00, 30.00, 1000
06/15/22, 30.00, 30.95, 30.00, 30.70, 700
06/14/22, 31.00, 31.00, 31.00, 31.00, 9600
06/13/22, 31.00, 32.50, 31.00, 31.80, 5800
06/10/22, 31.00, 31.00, 31.00, 31.00, 100
06/09/22, 30.00, 30.00, 30.00, 30.00, 168400
06/08/22, 30.00, 30.00, 30.00, 30.00, 3300
06/07/22, 31.00, 31.00, 31.00, 31.00, 500
06/06/22, 31.35, 31.35, 30.00, 31.15, 2300
06/02/22, 31.35, 31.35, 31.35, 31.35, 1200
05/30/22, 31.05, 31.05, 31.05, 31.05, 1000
05/27/22, 31.05, 31.05, 31.05, 31.05, 1400
05/26/22, 31.05, 31.05, 31.05, 31.05, 100
05/25/22, 31.05, 31.05, 31.05, 31.05, 100
05/23/22, 30.00, 30.00, 30.00, 30.00, 300
05/20/22, 29.55, 29.55, 29.55, 29.55, 2100
05/19/22, 29.55, 29.55, 29.55, 29.55, 2000
05/18/22, 30.00, 30.00, 29.55, 29.75, 3600
05/17/22, 29.55, 30.00, 29.55, 29.90, 1400
05/16/22, 30.00, 30.00, 30.00, 30.00, 2100
05/13/22, 29.95, 30.00, 29.95, 30.00, 4600
05/12/22, 30.00, 30.00, 30.00, 30.00, 1300
05/11/22, 30.00, 30.00, 30.00, 30.00, 6300
05/10/22, 30.00, 30.00, 30.00, 30.00, 700
05/09/22, 30.00, 30.00, 30.00, 30.00, 19600
05/06/22, 30.00, 30.00, 30.00, 30.00, 100
05/05/22, 30.00, 30.00, 30.00, 30.00, 1600
05/04/22, 30.00, 30.00, 29.05, 29.95, 21200
04/28/22, 29.90, 30.00, 29.90, 30.00, 2700
04/27/22, 29.90, 29.90, 29.90, 29.90, 1000
04/26/22, 29.90, 29.90, 29.90, 29.90, 100
04/25/22, 29.00, 29.00, 29.00, 29.00, 1400
04/22/22, 29.00, 29.00, 29.00, 29.00, 3600
04/21/22, 29.00, 30.00, 29.00, 29.15, 2300
04/20/22, 29.00, 29.00, 29.00, 29.00, 100
04/19/22, 30.00, 30.00, 29.00, 29.20, 2600
04/12/22, 29.00, 29.00, 29.00, 29.00, 1700
04/11/22, 30.00, 30.00, 29.00, 29.50, 200
04/07/22, 30.00, 30.00, 30.00, 30.00, 300
04/06/22, 30.00, 30.00, 30.00, 30.00, 1154300
04/05/22, 30.00, 30.00, 30.00, 30.00, 385000
04/04/22, 29.50, 30.00, 29.00, 29.90, 10200
04/01/22, 30.00, 30.00, 29.50, 29.55, 1500
03/31/22, 29.90, 30.00, 29.90, 29.95, 6000
03/30/22, 29.00, 29.90, 29.00, 29.60, 600
03/28/22, 29.70, 29.70, 29.70, 29.70, 1100
03/23/22, 29.80, 29.80, 29.80, 29.80, 300
03/22/22, 30.00, 30.00, 29.80, 29.90, 200
03/21/22, 27.50, 27.50, 27.50, 27.50, 100
03/18/22, 29.00, 29.60, 29.00, 29.40, 300
03/15/22, 27.00, 27.00, 27.00, 27.00, 300
03/14/22, 29.65, 29.65, 28.00, 28.85, 400
03/11/22, 29.35, 29.35, 29.35, 29.35, 300
03/09/22, 27.00, 27.00, 27.00, 27.00, 100
03/08/22, 27.50, 27.50, 26.50, 27.00, 200
03/04/22, 27.50, 27.50, 27.50, 27.50, 100
03/01/22, 28.50, 28.50, 28.50, 28.50, 100
02/25/22, 29.00, 29.00, 29.00, 29.00, 1300
02/21/22, 29.90, 29.90, 29.90, 29.90, 100
02/17/22, 28.50, 30.00, 28.50, 29.25, 200
02/16/22, 29.30, 30.00, 29.30, 29.85, 5100
02/15/22, 29.00, 29.00, 29.00, 29.00, 600
02/09/22, 30.00, 30.00, 30.00, 30.00, 200
02/08/22, 28.00, 28.00, 28.00, 28.00, 100
02/07/22, 28.05, 28.05, 28.05, 28.05, 4600
02/03/22, 28.00, 30.00, 28.00, 29.35, 300
01/28/22, 30.00, 30.00, 30.00, 30.00, 100
01/20/22, 30.00, 30.00, 29.50, 29.75, 200
01/19/22, 30.00, 30.00, 30.00, 30.00, 100
01/18/22, 30.00, 30.00, 30.00, 30.00, 900
01/14/22, 30.00, 30.00, 30.00, 30.00, 800
01/13/22, 30.00, 30.00, 30.00, 30.00, 1501300
01/11/22, 30.95, 30.95, 30.00, 30.75, 2400
01/10/22, 30.00, 30.00, 30.00, 30.00, 35000
01/07/22, 30.00, 31.00, 28.00, 29.05, 8000
01/06/22, 29.00, 30.00, 29.00, 29.30, 7200
01/05/22, 29.20, 29.60, 29.20, 29.50, 9900
01/04/22, 27.00, 27.00, 27.00, 27.00, 100
12/30/21, 29.00, 29.00, 29.00, 29.00, 5100
12/29/21, 28.50, 28.50, 28.50, 28.50, 300
12/28/21, 29.10, 29.10, 28.00, 28.95, 1400
12/23/21, 28.00, 28.00, 28.00, 28.00, 1100
12/22/21, 28.00, 29.00, 28.00, 28.65, 2500
12/21/21, 27.00, 27.50, 27.00, 27.40, 2100
12/20/21, 26.40, 27.50, 26.40, 26.65, 132300
12/17/21, 26.40, 26.40, 26.40, 26.40, 1100
12/16/21, 26.35, 26.35, 26.35, 26.35, 1000
12/08/21, 26.70, 26.70, 26.00, 26.35, 400
12/07/21, 24.30, 24.30, 24.30, 24.30, 3600
12/06/21, 27.00, 27.00, 27.00, 27.00, 100
12/03/21, 27.00, 27.00, 27.00, 27.00, 100
12/02/21, 27.00, 27.00, 27.00, 27.00, 100
11/26/21, 28.00, 28.00, 26.00, 26.60, 2600
11/24/21, 27.00, 27.00, 27.00, 27.00, 2200
11/23/21, 28.00, 28.00, 28.00, 28.00, 300
11/22/21, 26.00, 28.00, 26.00, 26.40, 500
11/16/21, 26.10, 27.00, 26.10, 26.90, 800
11/15/21, 28.50, 28.50, 28.50, 28.50, 100
11/12/21, 28.50, 28.50, 28.50, 28.50, 100
11/11/21, 28.00, 28.00, 27.00, 27.85, 700
11/10/21, 28.50, 28.50, 28.50, 28.50, 400
11/09/21, 26.50, 28.50, 26.50, 27.00, 134500
11/05/21, 26.50, 26.60, 26.50, 26.50, 800
11/02/21, 26.50, 29.00, 26.10, 28.75, 2200
10/29/21, 29.00, 29.00, 29.00, 29.00, 200
10/28/21, 26.50, 26.50, 26.50, 26.50, 205900
10/27/21, 27.45, 27.50, 27.45, 27.50, 3900
10/26/21, 27.50, 27.50, 27.50, 27.50, 1200
10/25/21, 27.50, 27.50, 27.50, 27.50, 300
10/22/21, 28.00, 28.00, 28.00, 28.00, 900
10/19/21, 27.65, 27.65, 27.50, 27.50, 1400
10/18/21, 28.00, 28.00, 28.00, 28.00, 300
10/14/21, 28.20, 28.20, 28.20, 28.20, 500
10/08/21, 30.00, 30.00, 30.00, 30.00, 300
10/06/21, 28.20, 28.20, 28.00, 28.00, 19600
10/05/21, 30.50, 30.50, 30.00, 30.10, 500
10/04/21, 30.75, 30.75, 30.75, 30.75, 1300
10/01/21, 28.00, 28.00, 28.00, 28.00, 9600
09/28/21, 28.00, 28.00, 28.00, 28.00, 3100
09/27/21, 28.00, 30.00, 28.00, 28.35, 2800
09/24/21, 27.90, 27.90, 27.90, 27.90, 200
09/23/21, 30.60, 30.60, 27.70, 27.95, 10500
09/22/21, 28.00, 29.70, 27.70, 27.85, 20600
09/20/21, 28.45, 28.45, 27.90, 28.00, 29600
09/17/21, 28.00, 28.50, 28.00, 28.45, 44700
09/16/21, 28.00, 28.00, 28.00, 28.00, 5500
09/15/21, 28.00, 28.00, 28.00, 28.00, 129700
09/14/21, 29.70, 29.70, 28.00, 29.05, 1900
09/13/21, 30.00, 30.00, 29.80, 30.00, 23100
09/10/21, 32.50, 32.50, 29.50, 29.80, 20900
09/09/21, 32.00, 33.00, 32.00, 32.65, 300
09/08/21, 35.00, 35.00, 35.00, 35.00, 100
09/06/21, 36.00, 36.00, 36.00, 36.00, 600
09/03/21, 36.00, 36.00, 36.00, 36.00, 2000
09/02/21, 39.95, 39.95, 39.95, 39.95, 600
08/30/21, 40.00, 40.00, 40.00, 40.00, 500
08/16/21, 38.25, 38.70, 38.25, 38.55, 300
08/13/21, 38.80, 38.80, 35.00, 38.25, 1400
08/11/21, 34.65, 35.50, 34.65, 35.40, 1100
08/06/21, 32.40, 32.40, 32.40, 32.40, 1400
08/05/21, 29.75, 32.40, 29.75, 31.85, 500
08/04/21, 29.75, 29.75, 29.75, 29.75, 4000
08/02/21, 29.50, 29.50, 29.50, 29.50, 400
07/30/21, 29.00, 29.00, 29.00, 29.00, 600
07/29/21, 29.50, 29.50, 29.50, 29.50, 800
07/28/21, 29.50, 29.50, 29.50, 29.50, 1300
07/26/21, 29.00, 29.00, 29.00, 29.00, 500
07/23/21, 28.00, 30.75, 28.00, 28.55, 1500
07/13/21, 28.00, 28.00, 28.00, 28.00, 500
07/09/21, 26.00, 26.00, 26.00, 26.00, 100
07/07/21, 26.75, 27.00, 26.75, 27.00, 1377900
07/01/21, 26.00, 26.00, 26.00, 26.00, 500
06/30/21, 26.75, 27.00, 26.75, 27.00, 2500500
06/28/21, 27.00, 27.00, 27.00, 27.00, 100
06/22/21, 26.50, 26.75, 26.50, 26.75, 60400
06/17/21, 26.75, 26.75, 26.75, 26.75, 200
06/16/21, 26.75, 26.75, 26.75, 26.75, 1000
06/15/21, 26.50, 26.50, 26.50, 26.50, 406300
06/14/21, 26.25, 26.25, 26.25, 26.25, 100
06/11/21, 26.50, 26.50, 26.50, 26.50, 100
06/10/21, 26.20, 26.20, 26.20, 26.20, 100
06/08/21, 26.00, 26.00, 26.00, 26.00, 5200
06/07/21, 26.25, 26.25, 26.25, 26.25, 1200
06/04/21, 26.00, 26.00, 26.00, 26.00, 1000
06/03/21, 26.00, 26.00, 26.00, 26.00, 1400
05/17/21, 26.00, 26.00, 26.00, 26.00, 100
05/12/21, 26.00, 26.00, 26.00, 26.00, 200
05/07/21, 26.00, 26.00, 26.00, 26.00, 297000
05/06/21, 26.00, 26.20, 26.00, 26.05, 10500
05/05/21, 26.00, 26.00, 26.00, 26.00, 2600
05/03/21, 26.00, 26.00, 26.00, 26.00, 1200
04/30/21, 26.00, 27.00, 26.00, 26.15, 6200
04/28/21, 27.00, 27.00, 25.00, 26.00, 313600
04/22/21, 25.00, 26.00, 25.00, 25.00, 301400
04/21/21, 25.00, 25.00, 25.00, 25.00, 500
04/16/21, 25.25, 25.25, 24.00, 24.55, 1600
04/15/21, 25.00, 25.00, 25.00, 25.00, 500000
04/13/21, 25.00, 25.00, 25.00, 25.00, 1500100
04/12/21, 24.50, 25.00, 24.50, 25.00, 1500600
04/09/21, 24.00, 24.00, 24.00, 24.00, 500000
04/08/21, 23.10, 23.10, 23.10, 23.10, 227900
04/07/21, 22.25, 23.10, 22.25, 23.10, 884200
04/06/21, 21.00, 22.25, 21.00, 21.00, 212500
03/30/21, 20.25, 20.25, 20.25, 20.25, 100
03/19/21, 22.50, 22.50, 22.50, 22.50, 200
03/16/21, 22.00, 22.00, 22.00, 22.00, 2000
03/12/21, 21.00, 21.00, 21.00, 21.00, 31100
03/02/21, 21.00, 21.00, 21.00, 21.00, 28800
02/26/21, 21.90, 21.90, 21.90, 21.90, 200
02/25/21, 21.90, 21.90, 21.90, 21.90, 500
02/23/21, 21.00, 21.90, 21.00, 21.45, 200
02/16/21, 20.50, 21.00, 20.50, 21.00, 1047200
02/15/21, 20.50, 20.50, 20.50, 20.50, 1300
02/12/21, 20.50, 20.50, 20.50, 20.50, 500
02/10/21, 19.95, 20.40, 19.95, 20.40, 1147900
02/09/21, 20.40, 20.40, 20.40, 20.40, 100
02/03/21, 19.00, 19.00, 19.00, 19.00, 270800
01/26/21, 18.50, 18.50, 18.50, 18.50, 700
01/20/21, 18.50, 18.50, 18.50, 18.50, 5000
01/19/21, 18.50, 20.00, 18.50, 18.50, 9000200
01/15/21, 20.50, 20.50, 20.50, 20.50, 400
01/14/21, 20.50, 20.50, 20.50, 20.50, 100
01/13/21, 20.50, 20.50, 20.50, 20.50, 200
01/11/21, 19.00, 19.00, 19.00, 19.00, 100
01/08/21, 20.50, 20.50, 19.00, 19.25, 1700
12/30/20, 20.50, 20.50, 20.50, 20.50, 100
12/29/20, 20.90, 20.90, 20.90, 20.90, 5100
12/28/20, 20.80, 20.80, 20.80, 20.80, 100
12/23/20, 20.80, 20.80, 20.80, 20.80, 100
12/22/20, 19.00, 19.05, 19.00, 19.00, 61700
12/18/20, 18.40, 18.40, 18.40, 18.40, 200
12/16/20, 19.00, 20.00, 19.00, 19.45, 2500
12/15/20, 20.20, 20.20, 19.00, 19.50, 6665800
12/14/20, 18.50, 21.10, 18.35, 18.40, 8700
12/11/20, 20.15, 20.15, 20.15, 20.15, 100
12/10/20, 17.05, 18.60, 17.05, 18.35, 12300
12/09/20, 17.00, 17.05, 16.05, 16.95, 6200
12/08/20, 16.05, 17.00, 16.05, 16.35, 9200
12/07/20, 16.00, 16.00, 16.00, 16.00, 1000
12/04/20, 15.00, 15.00, 15.00, 15.00, 300
12/01/20, 14.75, 14.75, 14.75, 14.75, 900
11/30/20, 13.50, 14.25, 13.50, 13.50, 1516900
11/25/20, 14.00, 14.00, 14.00, 14.00, 11000
11/24/20, 13.50, 13.50, 13.50, 13.50, 100
11/23/20, 13.50, 13.50, 13.50, 13.50, 1300
11/19/20, 13.50, 13.50, 13.50, 13.50, 2051300
11/17/20, 13.80, 13.80, 13.80, 13.80, 100
11/13/20, 12.60, 12.60, 12.60, 12.60, 1238600
11/12/20, 12.60, 12.60, 12.60, 12.60, 4992600
11/11/20, 12.60, 12.60, 12.60, 12.60, 2000
11/06/20, 13.80, 13.80, 12.55, 12.55, 278400
11/05/20, 12.55, 12.55, 12.55, 12.55, 1631800
11/04/20, 12.55, 12.60, 12.55, 12.55, 857300
11/03/20, 12.50, 13.00, 12.50, 12.55, 234800
10/30/20, 12.50, 13.00, 12.50, 12.75, 200
10/29/20, 13.00, 13.00, 13.00, 13.00, 11000
10/28/20, 13.00, 13.00, 12.50, 12.50, 2916000
10/27/20, 13.00, 13.00, 13.00, 13.00, 95500
10/26/20, 13.00, 13.00, 13.00, 13.00, 95800
10/23/20, 14.00, 14.00, 13.00, 13.05, 109200
10/22/20, 14.00, 14.00, 14.00, 14.00, 1400
10/21/20, 14.00, 14.00, 14.00, 14.00, 2400
10/19/20, 14.00, 14.00, 14.00, 14.00, 2500
10/16/20, 13.25, 14.00, 13.25, 13.75, 1100
10/14/20, 13.00, 14.00, 13.00, 13.05, 7500
10/13/20, 13.00, 13.40, 13.00, 13.30, 700
10/12/20, 13.50, 13.50, 13.50, 13.50, 100
10/09/20, 14.00, 14.00, 14.00, 14.00, 1500
10/08/20, 14.00, 14.00, 14.00, 14.00, 100
10/07/20, 14.40, 14.40, 14.00, 14.00, 147400
10/06/20, 14.60, 16.00, 14.60, 14.80, 14000
10/05/20, 13.20, 14.60, 13.20, 14.55, 3200
10/02/20, 14.60, 14.60, 14.60, 14.60, 1000
10/01/20, 13.30, 13.30, 13.30, 13.30, 200
09/30/20, 13.50, 14.30, 12.15, 12.15, 3103400
09/29/20, 13.00, 13.50, 13.00, 13.05, 2400
09/28/20, 13.50, 13.50, 13.50, 13.50, 400
09/25/20, 13.50, 13.50, 13.50, 13.50, 5600
09/24/20, 13.50, 13.50, 13.50, 13.50, 19100
09/23/20, 13.50, 13.50, 13.50, 13.50, 853200
09/22/20, 13.50, 13.50, 13.50, 13.50, 830100
09/21/20, 13.50, 13.50, 13.50, 13.50, 155100
09/18/20, 15.00, 15.00, 13.50, 13.50, 3080300
09/15/20, 14.95, 15.00, 14.95, 15.00, 268600
09/14/20, 15.00, 15.00, 15.00, 15.00, 37700
09/11/20, 15.00, 15.00, 15.00, 15.00, 386900
09/09/20, 17.50, 17.50, 15.00, 15.05, 203400
09/04/20, 16.45, 16.45, 16.45, 16.45, 5100
09/03/20, 16.45, 16.45, 16.45, 16.45, 1000
09/02/20, 15.05, 15.05, 15.00, 15.00, 2999900
08/31/20, 15.00, 15.00, 14.00, 15.00, 3277800
08/28/20, 14.75, 14.75, 14.75, 14.75, 10000
08/27/20, 15.10, 15.10, 15.00, 15.00, 2400
08/26/20, 16.50, 16.50, 15.00, 15.00, 37800
08/25/20, 16.50, 16.50, 16.50, 16.50, 100
08/24/20, 16.00, 16.00, 16.00, 16.00, 200
08/21/20, 15.00, 15.00, 15.00, 15.00, 719000
08/20/20, 15.00, 15.00, 15.00, 15.00, 596700
08/18/20, 15.50, 15.50, 15.00, 15.05, 5200
08/17/20, 16.00, 16.00, 16.00, 16.00, 100
08/14/20, 16.20, 16.20, 16.00, 16.00, 239300
08/13/20, 16.50, 16.50, 16.40, 16.50, 71700
08/12/20, 16.65, 16.65, 16.60, 16.60, 1624500
08/11/20, 16.65, 16.65, 16.65, 16.65, 200
08/07/20, 16.65, 16.65, 16.65, 16.65, 50000
08/06/20, 16.85, 16.85, 16.85, 16.85, 200
08/05/20, 16.85, 16.85, 16.70, 16.85, 25200
08/03/20, 16.85, 16.85, 16.85, 16.85, 3500
07/30/20, 18.00, 18.00, 16.70, 16.85, 12200
07/29/20, 18.00, 18.00, 18.00, 18.00, 100
07/28/20, 16.70, 18.00, 16.70, 17.25, 1200
07/24/20, 17.00, 18.00, 16.70, 16.70, 2000900
07/23/20, 18.00, 18.00, 18.00, 18.00, 5600
07/21/20, 17.00, 17.00, 16.70, 16.70, 975800
07/09/20, 16.70, 16.70, 16.70, 16.70, 2972300
07/08/20, 17.00, 17.00, 16.70, 16.70, 1863600
07/07/20, 17.50, 19.40, 16.40, 17.30, 5500
07/03/20, 18.00, 18.00, 17.50, 17.70, 400
07/02/20, 18.00, 18.00, 18.00, 18.00, 100
07/01/20, 18.00, 18.00, 18.00, 18.00, 400
06/26/20, 19.40, 19.40, 18.00, 18.00, 1271300
06/25/20, 19.45, 19.45, 19.45, 19.45, 1400
06/22/20, 19.60, 19.60, 19.60, 19.60, 100
06/18/20, 19.60, 19.60, 19.60, 19.60, 600
06/11/20, 19.60, 19.60, 17.50, 19.10, 400
06/10/20, 17.95, 19.60, 17.95, 18.80, 200
06/09/20, 18.00, 18.00, 17.95, 18.00, 200
06/08/20, 18.00, 18.00, 18.00, 18.00, 1849100
06/05/20, 19.75, 19.75, 18.00, 19.00, 700
05/22/20, 18.00, 18.00, 18.00, 18.00, 100
05/21/20, 18.60, 18.60, 18.00, 18.00, 2300700
05/20/20, 18.60, 18.60, 18.60, 18.60, 2629200
05/19/20, 22.00, 22.00, 20.00, 20.65, 3200
04/28/20, 22.00, 22.00, 22.00, 22.00, 3929600
03/30/20, 22.40, 22.40, 22.40, 22.40, 100
02/17/20, 22.40, 22.40, 22.40, 22.40, 200
02/05/20, 22.40, 22.40, 22.40, 22.40, 1441000
01/29/20, 22.65, 22.70, 22.65, 22.65, 2222500
01/28/20, 22.70, 22.70, 22.70, 22.70, 1000
01/27/20, 22.70, 22.70, 22.65, 22.70, 1125700
01/20/20, 22.70, 22.70, 22.70, 22.70, 1000000
01/17/20, 25.20, 25.20, 25.20, 25.20, 3000
01/16/20, 25.20, 25.20, 25.20, 25.20, 1000200
01/13/20, 28.00, 28.00, 28.00, 28.00, 5100
11/21/19, 28.00, 28.00, 28.00, 28.00, 100
11/07/19, 28.00, 28.00, 28.00, 28.00, 100
07/31/19, 28.00, 28.00, 28.00, 28.00, 373000
07/25/19, 28.00, 28.00, 28.00, 28.00, 3683600
07/24/19, 28.00, 28.00, 28.00, 28.00, 1120000
06/06/19, 28.00, 28.00, 28.00, 28.00, 500100
04/18/19, 31.00, 31.00, 31.00, 31.00, 320000
04/05/19, 31.00, 31.00, 31.00, 31.00, 327500
02/25/19, 31.00, 31.00, 31.00, 31.00, 100
02/14/19, 30.85, 30.85, 30.85, 30.85, 200
02/12/19, 28.05, 28.05, 28.05, 28.05, 1000000
02/11/19, 31.00, 31.00, 31.00, 31.00, 349900